"Var1","Var2","Freq"
"Dirty Condition","",0
"Food Establishment","",66
"Illegal Parking","",27
"Noise - Commercial","",573
"Noise - Street/Sidewalk","",1187
"Rodent","",332
"Dirty Condition","0",0
"Food Establishment","0",1
"Illegal Parking","0",0
"Noise - Commercial","0",0
"Noise - Street/Sidewalk","0",0
"Rodent","0",1
"Dirty Condition","00000",0
"Food Establishment","00000",4
"Illegal Parking","00000",0
"Noise - Commercial","00000",0
"Noise - Street/Sidewalk","00000",0
"Rodent","00000",0
"Dirty Condition","000000",0
"Food Establishment","000000",1
"Illegal Parking","000000",0
"Noise - Commercial","000000",0
"Noise - Street/Sidewalk","000000",0
"Rodent","000000",0
"Dirty Condition","00083",0
"Food Establishment","00083",0
"Illegal Parking","00083",0
"Noise - Commercial","00083",0
"Noise - Street/Sidewalk","00083",149
"Rodent","00083",14
"Dirty Condition","0031",0
"Food Establishment","0031",0
"Illegal Parking","0031",0
"Noise - Commercial","0031",0
"Noise - Street/Sidewalk","0031",0
"Rodent","0031",1
"Dirty Condition","10000",1
"Food Establishment","10000",11
"Illegal Parking","10000",2
"Noise - Commercial","10000",3
"Noise - Street/Sidewalk","10000",255
"Rodent","10000",7
"Dirty Condition","10001",81
"Food Establishment","10001",1409
"Illegal Parking","10001",300
"Noise - Commercial","10001",3556
"Noise - Street/Sidewalk","10001",4814
"Rodent","10001",1206
"Dirty Condition","10002",162
"Food Establishment","10002",1584
"Illegal Parking","10002",534
"Noise - Commercial","10002",14757
"Noise - Street/Sidewalk","10002",11554
"Rodent","10002",3315
"Dirty Condition","10003",211
"Food Establishment","10003",2115
"Illegal Parking","10003",198
"Noise - Commercial","10003",9609
"Noise - Street/Sidewalk","10003",8555
"Rodent","10003",2209
"Dirty Condition","10004",11
"Food Establishment","10004",302
"Illegal Parking","10004",119
"Noise - Commercial","10004",344
"Noise - Street/Sidewalk","10004",571
"Rodent","10004",139
"Dirty Condition","10005",14
"Food Establishment","10005",178
"Illegal Parking","10005",36
"Noise - Commercial","10005",483
"Noise - Street/Sidewalk","10005",1622
"Rodent","10005",108
"Dirty Condition","10006",3
"Food Establishment","10006",140
"Illegal Parking","10006",98
"Noise - Commercial","10006",396
"Noise - Street/Sidewalk","10006",501
"Rodent","10006",170
"Dirty Condition","10007",31
"Food Establishment","10007",483
"Illegal Parking","10007",105
"Noise - Commercial","10007",646
"Noise - Street/Sidewalk","10007",1626
"Rodent","10007",473
"Dirty Condition","10009",206
"Food Establishment","10009",1002
"Illegal Parking","10009",223
"Noise - Commercial","10009",13530
"Noise - Street/Sidewalk","10009",10842
"Rodent","10009",3083
"Dirty Condition","10010",59
"Food Establishment","10010",896
"Illegal Parking","10010",115
"Noise - Commercial","10010",2439
"Noise - Street/Sidewalk","10010",2723
"Rodent","10010",857
"Dirty Condition","10011",187
"Food Establishment","10011",1605
"Illegal Parking","10011",272
"Noise - Commercial","10011",6554
"Noise - Street/Sidewalk","10011",6031
"Rodent","10011",2332
"Dirty Condition","10012",102
"Food Establishment","10012",1239
"Illegal Parking","10012",157
"Noise - Commercial","10012",8206
"Noise - Street/Sidewalk","10012",6404
"Rodent","10012",1383
"Dirty Condition","10013",129
"Food Establishment","10013",1604
"Illegal Parking","10013",328
"Noise - Commercial","10013",5819
"Noise - Street/Sidewalk","10013",3581
"Rodent","10013",1641
"Dirty Condition","10014",119
"Food Establishment","10014",1212
"Illegal Parking","10014",180
"Noise - Commercial","10014",7966
"Noise - Street/Sidewalk","10014",5373
"Rodent","10014",2185
"Dirty Condition","10016",96
"Food Establishment","10016",1656
"Illegal Parking","10016",225
"Noise - Commercial","10016",5314
"Noise - Street/Sidewalk","10016",3685
"Rodent","10016",1632
"Dirty Condition","10017",34
"Food Establishment","10017",994
"Illegal Parking","10017",200
"Noise - Commercial","10017",1578
"Noise - Street/Sidewalk","10017",2667
"Rodent","10017",301
"Dirty Condition","10018",39
"Food Establishment","10018",1080
"Illegal Parking","10018",127
"Noise - Commercial","10018",1765
"Noise - Street/Sidewalk","10018",2022
"Rodent","10018",440
"Dirty Condition","10019",165
"Food Establishment","10019",1822
"Illegal Parking","10019",509
"Noise - Commercial","10019",6809
"Noise - Street/Sidewalk","10019",6472
"Rodent","10019",1461
"Dirty Condition","10020",5
"Food Establishment","10020",79
"Illegal Parking","10020",7
"Noise - Commercial","10020",19
"Noise - Street/Sidewalk","10020",67
"Rodent","10020",19
"Dirty Condition","10021",60
"Food Establishment","10021",706
"Illegal Parking","10021",130
"Noise - Commercial","10021",1669
"Noise - Street/Sidewalk","10021",1310
"Rodent","10021",1332
"Dirty Condition","10022",72
"Food Establishment","10022",1278
"Illegal Parking","10022",160
"Noise - Commercial","10022",2722
"Noise - Street/Sidewalk","10022",1594
"Rodent","10022",1012
"Dirty Condition","10023",110
"Food Establishment","10023",1034
"Illegal Parking","10023",568
"Noise - Commercial","10023",2044
"Noise - Street/Sidewalk","10023",4082
"Rodent","10023",2148
"Dirty Condition","10024",192
"Food Establishment","10024",1160
"Illegal Parking","10024",246
"Noise - Commercial","10024",2524
"Noise - Street/Sidewalk","10024",3562
"Rodent","10024",3786
"Dirty Condition","10025",200
"Food Establishment","10025",1322
"Illegal Parking","10025",387
"Noise - Commercial","10025",4906
"Noise - Street/Sidewalk","10025",12113
"Rodent","10025",6893
"Dirty Condition","10026",207
"Food Establishment","10026",598
"Illegal Parking","10026",182
"Noise - Commercial","10026",3502
"Noise - Street/Sidewalk","10026",19629
"Rodent","10026",3955
"Dirty Condition","10027",185
"Food Establishment","10027",1025
"Illegal Parking","10027",339
"Noise - Commercial","10027",4599
"Noise - Street/Sidewalk","10027",15079
"Rodent","10027",4380
"Dirty Condition","10028",74
"Food Establishment","10028",913
"Illegal Parking","10028",216
"Noise - Commercial","10028",4028
"Noise - Street/Sidewalk","10028",2393
"Rodent","10028",2065
"Dirty Condition","10029",146
"Food Establishment","10029",1360
"Illegal Parking","10029",460
"Noise - Commercial","10029",6782
"Noise - Street/Sidewalk","10029",13952
"Rodent","10029",3506
"Dirty Condition","1003",0
"Food Establishment","1003",1
"Illegal Parking","1003",0
"Noise - Commercial","1003",0
"Noise - Street/Sidewalk","1003",0
"Rodent","1003",0
"Dirty Condition","10030",42
"Food Establishment","10030",311
"Illegal Parking","10030",229
"Noise - Commercial","10030",2189
"Noise - Street/Sidewalk","10030",8129
"Rodent","10030",2485
"Dirty Condition","10031",96
"Food Establishment","10031",591
"Illegal Parking","10031",313
"Noise - Commercial","10031",5800
"Noise - Street/Sidewalk","10031",31484
"Rodent","10031",4274
"Dirty Condition","10032",63
"Food Establishment","10032",522
"Illegal Parking","10032",257
"Noise - Commercial","10032",4169
"Noise - Street/Sidewalk","10032",33503
"Rodent","10032",3151
"Dirty Condition","10033",109
"Food Establishment","10033",550
"Illegal Parking","10033",309
"Noise - Commercial","10033",5828
"Noise - Street/Sidewalk","10033",20281
"Rodent","10033",2727
"Dirty Condition","10034",47
"Food Establishment","10034",625
"Illegal Parking","10034",406
"Noise - Commercial","10034",10252
"Noise - Street/Sidewalk","10034",27874
"Rodent","10034",2466
"Dirty Condition","10035",195
"Food Establishment","10035",620
"Illegal Parking","10035",212
"Noise - Commercial","10035",1543
"Noise - Street/Sidewalk","10035",7437
"Rodent","10035",2556
"Dirty Condition","100354",0
"Food Establishment","100354",0
"Illegal Parking","100354",0
"Noise - Commercial","100354",0
"Noise - Street/Sidewalk","100354",0
"Rodent","100354",1
"Dirty Condition","10036",123
"Food Establishment","10036",1513
"Illegal Parking","10036",210
"Noise - Commercial","10036",6798
"Noise - Street/Sidewalk","10036",4520
"Rodent","10036",1434
"Dirty Condition","10037",100
"Food Establishment","10037",213
"Illegal Parking","10037",136
"Noise - Commercial","10037",546
"Noise - Street/Sidewalk","10037",4911
"Rodent","10037",1020
"Dirty Condition","10038",75
"Food Establishment","10038",778
"Illegal Parking","10038",150
"Noise - Commercial","10038",1513
"Noise - Street/Sidewalk","10038",2004
"Rodent","10038",748
"Dirty Condition","10039",69
"Food Establishment","10039",274
"Illegal Parking","10039",115
"Noise - Commercial","10039",769
"Noise - Street/Sidewalk","10039",8222
"Rodent","10039",1248
"Dirty Condition","10040",79
"Food Establishment","10040",359
"Illegal Parking","10040",769
"Noise - Commercial","10040",6237
"Noise - Street/Sidewalk","10040",28619
"Rodent","10040",1879
"Dirty Condition","10041",0
"Food Establishment","10041",4
"Illegal Parking","10041",1
"Noise - Commercial","10041",1
"Noise - Street/Sidewalk","10041",14
"Rodent","10041",1
"Dirty Condition","10044",0
"Food Establishment","10044",54
"Illegal Parking","10044",2
"Noise - Commercial","10044",28
"Noise - Street/Sidewalk","10044",53
"Rodent","10044",31
"Dirty Condition","10045",0
"Food Establishment","10045",2
"Illegal Parking","10045",1
"Noise - Commercial","10045",0
"Noise - Street/Sidewalk","10045",2
"Rodent","10045",0
"Dirty Condition","10048",0
"Food Establishment","10048",0
"Illegal Parking","10048",0
"Noise - Commercial","10048",1
"Noise - Street/Sidewalk","10048",12
"Rodent","10048",2
"Dirty Condition","10065",33
"Food Establishment","10065",593
"Illegal Parking","10065",139
"Noise - Commercial","10065",1786
"Noise - Street/Sidewalk","10065",1114
"Rodent","10065",993
"Dirty Condition","10069",4
"Food Establishment","10069",31
"Illegal Parking","10069",15
"Noise - Commercial","10069",16
"Noise - Street/Sidewalk","10069",114
"Rodent","10069",55
"Dirty Condition","10075",26
"Food Establishment","10075",419
"Illegal Parking","10075",116
"Noise - Commercial","10075",1548
"Noise - Street/Sidewalk","10075",869
"Rodent","10075",1091
"Dirty Condition","10096",0
"Food Establishment","10096",2
"Illegal Parking","10096",0
"Noise - Commercial","10096",0
"Noise - Street/Sidewalk","10096",0
"Rodent","10096",0
"Dirty Condition","10103",0
"Food Establishment","10103",6
"Illegal Parking","10103",3
"Noise - Commercial","10103",0
"Noise - Street/Sidewalk","10103",4
"Rodent","10103",0
"Dirty Condition","10105",1
"Food Establishment","10105",2
"Illegal Parking","10105",1
"Noise - Commercial","10105",2
"Noise - Street/Sidewalk","10105",7
"Rodent","10105",1
"Dirty Condition","10106",0
"Food Establishment","10106",3
"Illegal Parking","10106",0
"Noise - Commercial","10106",2
"Noise - Street/Sidewalk","10106",0
"Rodent","10106",0
"Dirty Condition","10107",0
"Food Establishment","10107",0
"Illegal Parking","10107",0
"Noise - Commercial","10107",2
"Noise - Street/Sidewalk","10107",3
"Rodent","10107",0
"Dirty Condition","10110",0
"Food Establishment","10110",3
"Illegal Parking","10110",0
"Noise - Commercial","10110",1
"Noise - Street/Sidewalk","10110",3
"Rodent","10110",0
"Dirty Condition","10111",1
"Food Establishment","10111",13
"Illegal Parking","10111",0
"Noise - Commercial","10111",2
"Noise - Street/Sidewalk","10111",1
"Rodent","10111",1
"Dirty Condition","10112",0
"Food Establishment","10112",27
"Illegal Parking","10112",0
"Noise - Commercial","10112",4
"Noise - Street/Sidewalk","10112",3
"Rodent","10112",2
"Dirty Condition","10115",0
"Food Establishment","10115",3
"Illegal Parking","10115",1
"Noise - Commercial","10115",0
"Noise - Street/Sidewalk","10115",1
"Rodent","10115",1
"Dirty Condition","10118",1
"Food Establishment","10118",5
"Illegal Parking","10118",0
"Noise - Commercial","10118",0
"Noise - Street/Sidewalk","10118",16
"Rodent","10118",2
"Dirty Condition","10119",1
"Food Establishment","10119",37
"Illegal Parking","10119",1
"Noise - Commercial","10119",2
"Noise - Street/Sidewalk","10119",18
"Rodent","10119",1
"Dirty Condition","10120",0
"Food Establishment","10120",0
"Illegal Parking","10120",0
"Noise - Commercial","10120",5
"Noise - Street/Sidewalk","10120",35
"Rodent","10120",2
"Dirty Condition","10121",0
"Food Establishment","10121",17
"Illegal Parking","10121",1
"Noise - Commercial","10121",17
"Noise - Street/Sidewalk","10121",23
"Rodent","10121",1
"Dirty Condition","10122",0
"Food Establishment","10122",0
"Illegal Parking","10122",0
"Noise - Commercial","10122",0
"Noise - Street/Sidewalk","10122",3
"Rodent","10122",0
"Dirty Condition","10123",0
"Food Establishment","10123",6
"Illegal Parking","10123",0
"Noise - Commercial","10123",2
"Noise - Street/Sidewalk","10123",16
"Rodent","10123",0
"Dirty Condition","10128",74
"Food Establishment","10128",685
"Illegal Parking","10128",165
"Noise - Commercial","10128",2771
"Noise - Street/Sidewalk","10128",2007
"Rodent","10128",2781
"Dirty Condition","10129",0
"Food Establishment","10129",0
"Illegal Parking","10129",0
"Noise - Commercial","10129",0
"Noise - Street/Sidewalk","10129",2
"Rodent","10129",0
"Dirty Condition","10151",0
"Food Establishment","10151",1
"Illegal Parking","10151",2
"Noise - Commercial","10151",0
"Noise - Street/Sidewalk","10151",0
"Rodent","10151",1
"Dirty Condition","10152",0
"Food Establishment","10152",0
"Illegal Parking","10152",0
"Noise - Commercial","10152",0
"Noise - Street/Sidewalk","10152",9
"Rodent","10152",0
"Dirty Condition","10153",0
"Food Establishment","10153",0
"Illegal Parking","10153",0
"Noise - Commercial","10153",0
"Noise - Street/Sidewalk","10153",15
"Rodent","10153",5
"Dirty Condition","10154",0
"Food Establishment","10154",1
"Illegal Parking","10154",2
"Noise - Commercial","10154",1
"Noise - Street/Sidewalk","10154",0
"Rodent","10154",0
"Dirty Condition","10158",0
"Food Establishment","10158",2
"Illegal Parking","10158",0
"Noise - Commercial","10158",4
"Noise - Street/Sidewalk","10158",14
"Rodent","10158",1
"Dirty Condition","10162",0
"Food Establishment","10162",0
"Illegal Parking","10162",0
"Noise - Commercial","10162",19
"Noise - Street/Sidewalk","10162",8
"Rodent","10162",17
"Dirty Condition","10165",0
"Food Establishment","10165",1
"Illegal Parking","10165",0
"Noise - Commercial","10165",0
"Noise - Street/Sidewalk","10165",9
"Rodent","10165",1
"Dirty Condition","10166",0
"Food Establishment","10166",1
"Illegal Parking","10166",0
"Noise - Commercial","10166",0
"Noise - Street/Sidewalk","10166",1
"Rodent","10166",0
"Dirty Condition","10167",0
"Food Establishment","10167",1
"Illegal Parking","10167",1
"Noise - Commercial","10167",1
"Noise - Street/Sidewalk","10167",0
"Rodent","10167",0
"Dirty Condition","10168",1
"Food Establishment","10168",2
"Illegal Parking","10168",2
"Noise - Commercial","10168",0
"Noise - Street/Sidewalk","10168",2
"Rodent","10168",0
"Dirty Condition","10169",3
"Food Establishment","10169",9
"Illegal Parking","10169",1
"Noise - Commercial","10169",1
"Noise - Street/Sidewalk","10169",1
"Rodent","10169",0
"Dirty Condition","10170",0
"Food Establishment","10170",0
"Illegal Parking","10170",1
"Noise - Commercial","10170",3
"Noise - Street/Sidewalk","10170",18
"Rodent","10170",0
"Dirty Condition","10171",0
"Food Establishment","10171",1
"Illegal Parking","10171",0
"Noise - Commercial","10171",0
"Noise - Street/Sidewalk","10171",1
"Rodent","10171",0
"Dirty Condition","10172",0
"Food Establishment","10172",3
"Illegal Parking","10172",2
"Noise - Commercial","10172",0
"Noise - Street/Sidewalk","10172",2
"Rodent","10172",0
"Dirty Condition","10173",0
"Food Establishment","10173",0
"Illegal Parking","10173",0
"Noise - Commercial","10173",0
"Noise - Street/Sidewalk","10173",1
"Rodent","10173",0
"Dirty Condition","10174",0
"Food Establishment","10174",0
"Illegal Parking","10174",0
"Noise - Commercial","10174",1
"Noise - Street/Sidewalk","10174",0
"Rodent","10174",1
"Dirty Condition","10176",0
"Food Establishment","10176",2
"Illegal Parking","10176",0
"Noise - Commercial","10176",0
"Noise - Street/Sidewalk","10176",0
"Rodent","10176",0
"Dirty Condition","10177",0
"Food Establishment","10177",0
"Illegal Parking","10177",0
"Noise - Commercial","10177",0
"Noise - Street/Sidewalk","10177",2
"Rodent","10177",0
"Dirty Condition","10178",0
"Food Establishment","10178",0
"Illegal Parking","10178",0
"Noise - Commercial","10178",0
"Noise - Street/Sidewalk","10178",4
"Rodent","10178",0
"Dirty Condition","10271",0
"Food Establishment","10271",2
"Illegal Parking","10271",0
"Noise - Commercial","10271",0
"Noise - Street/Sidewalk","10271",3
"Rodent","10271",1
"Dirty Condition","10275",0
"Food Establishment","10275",0
"Illegal Parking","10275",0
"Noise - Commercial","10275",0
"Noise - Street/Sidewalk","10275",11
"Rodent","10275",0
"Dirty Condition","10278",1
"Food Establishment","10278",3
"Illegal Parking","10278",1
"Noise - Commercial","10278",2
"Noise - Street/Sidewalk","10278",10
"Rodent","10278",1
"Dirty Condition","10279",0
"Food Establishment","10279",9
"Illegal Parking","10279",0
"Noise - Commercial","10279",0
"Noise - Street/Sidewalk","10279",2
"Rodent","10279",0
"Dirty Condition","10280",3
"Food Establishment","10280",74
"Illegal Parking","10280",39
"Noise - Commercial","10280",185
"Noise - Street/Sidewalk","10280",173
"Rodent","10280",47
"Dirty Condition","10281",0
"Food Establishment","10281",39
"Illegal Parking","10281",3
"Noise - Commercial","10281",33
"Noise - Street/Sidewalk","10281",43
"Rodent","10281",0
"Dirty Condition","10282",2
"Food Establishment","10282",44
"Illegal Parking","10282",450
"Noise - Commercial","10282",26
"Noise - Street/Sidewalk","10282",106
"Rodent","10282",41
"Dirty Condition","10301",183
"Food Establishment","10301",390
"Illegal Parking","10301",420
"Noise - Commercial","10301",1176
"Noise - Street/Sidewalk","10301",2396
"Rodent","10301",1819
"Dirty Condition","10302",51
"Food Establishment","10302",330
"Illegal Parking","10302",149
"Noise - Commercial","10302",552
"Noise - Street/Sidewalk","10302",438
"Rodent","10302",1134
"Dirty Condition","10303",46
"Food Establishment","10303",194
"Illegal Parking","10303",178
"Noise - Commercial","10303",243
"Noise - Street/Sidewalk","10303",847
"Rodent","10303",1331
"Dirty Condition","10304",114
"Food Establishment","10304",277
"Illegal Parking","10304",283
"Noise - Commercial","10304",1476
"Noise - Street/Sidewalk","10304",1863
"Rodent","10304",1579
"Dirty Condition","10305",69
"Food Establishment","10305",395
"Illegal Parking","10305",444
"Noise - Commercial","10305",662
"Noise - Street/Sidewalk","10305",613
"Rodent","10305",1611
"Dirty Condition","10306",146
"Food Establishment","10306",493
"Illegal Parking","10306",425
"Noise - Commercial","10306",997
"Noise - Street/Sidewalk","10306",685
"Rodent","10306",2239
"Dirty Condition","10307",37
"Food Establishment","10307",152
"Illegal Parking","10307",124
"Noise - Commercial","10307",953
"Noise - Street/Sidewalk","10307",307
"Rodent","10307",429
"Dirty Condition","10308",45
"Food Establishment","10308",171
"Illegal Parking","10308",296
"Noise - Commercial","10308",741
"Noise - Street/Sidewalk","10308",486
"Rodent","10308",876
"Dirty Condition","10309",348
"Food Establishment","10309",255
"Illegal Parking","10309",402
"Noise - Commercial","10309",287
"Noise - Street/Sidewalk","10309",406
"Rodent","10309",774
"Dirty Condition","10310",64
"Food Establishment","10310",293
"Illegal Parking","10310",183
"Noise - Commercial","10310",1123
"Noise - Street/Sidewalk","10310",1052
"Rodent","10310",1356
"Dirty Condition","10312",625
"Food Establishment","10312",348
"Illegal Parking","10312",605
"Noise - Commercial","10312",786
"Noise - Street/Sidewalk","10312",783
"Rodent","10312",1760
"Dirty Condition","10314",271
"Food Establishment","10314",1180
"Illegal Parking","10314",722
"Noise - Commercial","10314",438
"Noise - Street/Sidewalk","10314",1181
"Rodent","10314",2719
"Dirty Condition","10412",0
"Food Establishment","10412",1
"Illegal Parking","10412",0
"Noise - Commercial","10412",0
"Noise - Street/Sidewalk","10412",0
"Rodent","10412",0
"Dirty Condition","10451",133
"Food Establishment","10451",613
"Illegal Parking","10451",353
"Noise - Commercial","10451",1103
"Noise - Street/Sidewalk","10451",11064
"Rodent","10451",3486
"Dirty Condition","10452",117
"Food Establishment","10452",554
"Illegal Parking","10452",352
"Noise - Commercial","10452",3162
"Noise - Street/Sidewalk","10452",21166
"Rodent","10452",3446
"Dirty Condition","10453",81
"Food Establishment","10453",507
"Illegal Parking","10453",356
"Noise - Commercial","10453",2779
"Noise - Street/Sidewalk","10453",21854
"Rodent","10453",4437
"Dirty Condition","10454",174
"Food Establishment","10454",282
"Illegal Parking","10454",210
"Noise - Commercial","10454",1552
"Noise - Street/Sidewalk","10454",4249
"Rodent","10454",1639
"Dirty Condition","10455",98
"Food Establishment","10455",527
"Illegal Parking","10455",171
"Noise - Commercial","10455",1101
"Noise - Street/Sidewalk","10455",7191
"Rodent","10455",2377
"Dirty Condition","10456",121
"Food Establishment","10456",501
"Illegal Parking","10456",294
"Noise - Commercial","10456",1505
"Noise - Street/Sidewalk","10456",18377
"Rodent","10456",5065
"Dirty Condition","10457",175
"Food Establishment","10457",412
"Illegal Parking","10457",453
"Noise - Commercial","10457",3062
"Noise - Street/Sidewalk","10457",21168
"Rodent","10457",4628
"Dirty Condition","10458",327
"Food Establishment","10458",786
"Illegal Parking","10458",239
"Noise - Commercial","10458",3644
"Noise - Street/Sidewalk","10458",13594
"Rodent","10458",4615
"Dirty Condition","10459",111
"Food Establishment","10459",442
"Illegal Parking","10459",161
"Noise - Commercial","10459",1468
"Noise - Street/Sidewalk","10459",8021
"Rodent","10459",3154
"Dirty Condition","1046",0
"Food Establishment","1046",1
"Illegal Parking","1046",0
"Noise - Commercial","1046",0
"Noise - Street/Sidewalk","1046",0
"Rodent","1046",0
"Dirty Condition","10460",201
"Food Establishment","10460",312
"Illegal Parking","10460",321
"Noise - Commercial","10460",1080
"Noise - Street/Sidewalk","10460",12636
"Rodent","10460",3126
"Dirty Condition","10461",184
"Food Establishment","10461",635
"Illegal Parking","10461",876
"Noise - Commercial","10461",2080
"Noise - Street/Sidewalk","10461",2273
"Rodent","10461",1617
"Dirty Condition","10462",94
"Food Establishment","10462",909
"Illegal Parking","10462",527
"Noise - Commercial","10462",1414
"Noise - Street/Sidewalk","10462",4396
"Rodent","10462",3116
"Dirty Condition","10463",139
"Food Establishment","10463",580
"Illegal Parking","10463",637
"Noise - Commercial","10463",1778
"Noise - Street/Sidewalk","10463",10169
"Rodent","10463",2602
"Dirty Condition","10464",11
"Food Establishment","10464",165
"Illegal Parking","10464",169
"Noise - Commercial","10464",810
"Noise - Street/Sidewalk","10464",382
"Rodent","10464",881
"Dirty Condition","10465",42
"Food Establishment","10465",237
"Illegal Parking","10465",699
"Noise - Commercial","10465",1211
"Noise - Street/Sidewalk","10465",2906
"Rodent","10465",1366
"Dirty Condition","10466",168
"Food Establishment","10466",382
"Illegal Parking","10466",492
"Noise - Commercial","10466",1151
"Noise - Street/Sidewalk","10466",3245
"Rodent","10466",2379
"Dirty Condition","10467",163
"Food Establishment","10467",842
"Illegal Parking","10467",418
"Noise - Commercial","10467",2695
"Noise - Street/Sidewalk","10467",11208
"Rodent","10467",5583
"Dirty Condition","10468",440
"Food Establishment","10468",481
"Illegal Parking","10468",441
"Noise - Commercial","10468",1407
"Noise - Street/Sidewalk","10468",18871
"Rodent","10468",4544
"Dirty Condition","10469",107
"Food Establishment","10469",404
"Illegal Parking","10469",533
"Noise - Commercial","10469",1372
"Noise - Street/Sidewalk","10469",2887
"Rodent","10469",2720
"Dirty Condition","10470",50
"Food Establishment","10470",110
"Illegal Parking","10470",474
"Noise - Commercial","10470",604
"Noise - Street/Sidewalk","10470",822
"Rodent","10470",845
"Dirty Condition","10471",19
"Food Establishment","10471",193
"Illegal Parking","10471",261
"Noise - Commercial","10471",680
"Noise - Street/Sidewalk","10471",991
"Rodent","10471",578
"Dirty Condition","10472",110
"Food Establishment","10472",464
"Illegal Parking","10472",319
"Noise - Commercial","10472",8057
"Noise - Street/Sidewalk","10472",12994
"Rodent","10472",3567
"Dirty Condition","10473",62
"Food Establishment","10473",293
"Illegal Parking","10473",376
"Noise - Commercial","10473",365
"Noise - Street/Sidewalk","10473",5789
"Rodent","10473",1540
"Dirty Condition","10474",48
"Food Establishment","10474",130
"Illegal Parking","10474",190
"Noise - Commercial","10474",287
"Noise - Street/Sidewalk","10474",2042
"Rodent","10474",1178
"Dirty Condition","10475",33
"Food Establishment","10475",345
"Illegal Parking","10475",145
"Noise - Commercial","10475",153
"Noise - Street/Sidewalk","10475",510
"Rodent","10475",276
"Dirty Condition","1065",0
"Food Establishment","1065",1
"Illegal Parking","1065",0
"Noise - Commercial","1065",0
"Noise - Street/Sidewalk","1065",0
"Rodent","1065",0
"Dirty Condition","10803",0
"Food Establishment","10803",0
"Illegal Parking","10803",0
"Noise - Commercial","10803",0
"Noise - Street/Sidewalk","10803",1
"Rodent","10803",0
"Dirty Condition","11",0
"Food Establishment","11",1
"Illegal Parking","11",0
"Noise - Commercial","11",0
"Noise - Street/Sidewalk","11",0
"Rodent","11",0
"Dirty Condition","11001",11
"Food Establishment","11001",2
"Illegal Parking","11001",21
"Noise - Commercial","11001",20
"Noise - Street/Sidewalk","11001",46
"Rodent","11001",155
"Dirty Condition","11004",5
"Food Establishment","11004",185
"Illegal Parking","11004",49
"Noise - Commercial","11004",397
"Noise - Street/Sidewalk","11004",166
"Rodent","11004",177
"Dirty Condition","11005",0
"Food Establishment","11005",49
"Illegal Parking","11005",0
"Noise - Commercial","11005",0
"Noise - Street/Sidewalk","11005",0
"Rodent","11005",0
"Dirty Condition","11040",1
"Food Establishment","11040",44
"Illegal Parking","11040",25
"Noise - Commercial","11040",181
"Noise - Street/Sidewalk","11040",47
"Rodent","11040",32
"Dirty Condition","11096",0
"Food Establishment","11096",0
"Illegal Parking","11096",0
"Noise - Commercial","11096",0
"Noise - Street/Sidewalk","11096",1
"Rodent","11096",0
"Dirty Condition","11101",157
"Food Establishment","11101",1025
"Illegal Parking","11101",1536
"Noise - Commercial","11101",4453
"Noise - Street/Sidewalk","11101",3751
"Rodent","11101",1646
"Dirty Condition","11102",71
"Food Establishment","11102",383
"Illegal Parking","11102",471
"Noise - Commercial","11102",3803
"Noise - Street/Sidewalk","11102",2840
"Rodent","11102",919
"Dirty Condition","11103",335
"Food Establishment","11103",900
"Illegal Parking","11103",405
"Noise - Commercial","11103",9593
"Noise - Street/Sidewalk","11103",2474
"Rodent","11103",1410
"Dirty Condition","11104",50
"Food Establishment","11104",314
"Illegal Parking","11104",167
"Noise - Commercial","11104",1501
"Noise - Street/Sidewalk","11104",1782
"Rodent","11104",763
"Dirty Condition","11105",60
"Food Establishment","11105",606
"Illegal Parking","11105",460
"Noise - Commercial","11105",3643
"Noise - Street/Sidewalk","11105",2916
"Rodent","11105",1294
"Dirty Condition","11106",64
"Food Establishment","11106",604
"Illegal Parking","11106",401
"Noise - Commercial","11106",5388
"Noise - Street/Sidewalk","11106",2522
"Rodent","11106",972
"Dirty Condition","11109",0
"Food Establishment","11109",16
"Illegal Parking","11109",33
"Noise - Commercial","11109",199
"Noise - Street/Sidewalk","11109",553
"Rodent","11109",21
"Dirty Condition","11201",154
"Food Establishment","11201",1579
"Illegal Parking","11201",743
"Noise - Commercial","11201",4341
"Noise - Street/Sidewalk","11201",5271
"Rodent","11201",1998
"Dirty Condition","11202",0
"Food Establishment","11202",0
"Illegal Parking","11202",0
"Noise - Commercial","11202",0
"Noise - Street/Sidewalk","11202",0
"Rodent","11202",1
"Dirty Condition","11203",158
"Food Establishment","11203",542
"Illegal Parking","11203",535
"Noise - Commercial","11203",2503
"Noise - Street/Sidewalk","11203",4594
"Rodent","11203",3398
"Dirty Condition","11204",128
"Food Establishment","11204",497
"Illegal Parking","11204",1865
"Noise - Commercial","11204",841
"Noise - Street/Sidewalk","11204",1594
"Rodent","11204",1304
"Dirty Condition","11205",192
"Food Establishment","11205",621
"Illegal Parking","11205",524
"Noise - Commercial","11205",5526
"Noise - Street/Sidewalk","11205",3716
"Rodent","11205",2986
"Dirty Condition","11206",223
"Food Establishment","11206",655
"Illegal Parking","11206",656
"Noise - Commercial","11206",10168
"Noise - Street/Sidewalk","11206",10377
"Rodent","11206",4093
"Dirty Condition","11207",304
"Food Establishment","11207",906
"Illegal Parking","11207",818
"Noise - Commercial","11207",3165
"Noise - Street/Sidewalk","11207",8040
"Rodent","11207",5710
"Dirty Condition","11208",215
"Food Establishment","11208",692
"Illegal Parking","11208",1100
"Noise - Commercial","11208",2756
"Noise - Street/Sidewalk","11208",8847
"Rodent","11208",4058
"Dirty Condition","11209",302
"Food Establishment","11209",1233
"Illegal Parking","11209",1471
"Noise - Commercial","11209",4800
"Noise - Street/Sidewalk","11209",2387
"Rodent","11209",1819
"Dirty Condition","11210",100
"Food Establishment","11210",383
"Illegal Parking","11210",540
"Noise - Commercial","11210",975
"Noise - Street/Sidewalk","11210",1987
"Rodent","11210",1866
"Dirty Condition","11211",231
"Food Establishment","11211",1108
"Illegal Parking","11211",416
"Noise - Commercial","11211",12343
"Noise - Street/Sidewalk","11211",14682
"Rodent","11211",3678
"Dirty Condition","11212",113
"Food Establishment","11212",728
"Illegal Parking","11212",335
"Noise - Commercial","11212",931
"Noise - Street/Sidewalk","11212",4467
"Rodent","11212",3403
"Dirty Condition","11213",192
"Food Establishment","11213",740
"Illegal Parking","11213",401
"Noise - Commercial","11213",2465
"Noise - Street/Sidewalk","11213",8380
"Rodent","11213",4446
"Dirty Condition","11214",144
"Food Establishment","11214",807
"Illegal Parking","11214",1802
"Noise - Commercial","11214",1483
"Noise - Street/Sidewalk","11214",1485
"Rodent","11214",1964
"Dirty Condition","11215",148
"Food Establishment","11215",1129
"Illegal Parking","11215",1010
"Noise - Commercial","11215",5003
"Noise - Street/Sidewalk","11215",3820
"Rodent","11215",4088
"Dirty Condition","11216",259
"Food Establishment","11216",924
"Illegal Parking","11216",322
"Noise - Commercial","11216",8721
"Noise - Street/Sidewalk","11216",11378
"Rodent","11216",7312
"Dirty Condition","11217",152
"Food Establishment","11217",933
"Illegal Parking","11217",562
"Noise - Commercial","11217",9018
"Noise - Street/Sidewalk","11217",5441
"Rodent","11217",3500
"Dirty Condition","11218",223
"Food Establishment","11218",698
"Illegal Parking","11218",1029
"Noise - Commercial","11218",2269
"Noise - Street/Sidewalk","11218",3416
"Rodent","11218",2125
"Dirty Condition","11219",171
"Food Establishment","11219",466
"Illegal Parking","11219",775
"Noise - Commercial","11219",1643
"Noise - Street/Sidewalk","11219",1766
"Rodent","11219",1849
"Dirty Condition","11220",273
"Food Establishment","11220",1187
"Illegal Parking","11220",947
"Noise - Commercial","11220",3166
"Noise - Street/Sidewalk","11220",5217
"Rodent","11220",2113
"Dirty Condition","11221",358
"Food Establishment","11221",645
"Illegal Parking","11221",422
"Noise - Commercial","11221",5647
"Noise - Street/Sidewalk","11221",11885
"Rodent","11221",8585
"Dirty Condition","11222",144
"Food Establishment","11222",720
"Illegal Parking","11222",537
"Noise - Commercial","11222",5404
"Noise - Street/Sidewalk","11222",4658
"Rodent","11222",2641
"Dirty Condition","11223",164
"Food Establishment","11223",714
"Illegal Parking","11223",1809
"Noise - Commercial","11223",1905
"Noise - Street/Sidewalk","11223",1625
"Rodent","11223",1740
"Dirty Condition","11224",63
"Food Establishment","11224",444
"Illegal Parking","11224",130
"Noise - Commercial","11224",438
"Noise - Street/Sidewalk","11224",2125
"Rodent","11224",1054
"Dirty Condition","11225",148
"Food Establishment","11225",483
"Illegal Parking","11225",483
"Noise - Commercial","11225",3426
"Noise - Street/Sidewalk","11225",14278
"Rodent","11225",3568
"Dirty Condition","11226",281
"Food Establishment","11226",905
"Illegal Parking","11226",881
"Noise - Commercial","11226",5122
"Noise - Street/Sidewalk","11226",19398
"Rodent","11226",5455
"Dirty Condition","11228",61
"Food Establishment","11228",223
"Illegal Parking","11228",1198
"Noise - Commercial","11228",1264
"Noise - Street/Sidewalk","11228",666
"Rodent","11228",768
"Dirty Condition","11229",139
"Food Establishment","11229",744
"Illegal Parking","11229",652
"Noise - Commercial","11229",789
"Noise - Street/Sidewalk","11229",2739
"Rodent","11229",1604
"Dirty Condition","1123",0
"Food Establishment","1123",0
"Illegal Parking","1123",0
"Noise - Commercial","1123",0
"Noise - Street/Sidewalk","1123",0
"Rodent","1123",1
"Dirty Condition","11230",195
"Food Establishment","11230",705
"Illegal Parking","11230",1314
"Noise - Commercial","11230",1440
"Noise - Street/Sidewalk","11230",2441
"Rodent","11230",2244
"Dirty Condition","11231",119
"Food Establishment","11231",564
"Illegal Parking","11231",458
"Noise - Commercial","11231",2447
"Noise - Street/Sidewalk","11231",2265
"Rodent","11231",1567
"Dirty Condition","11232",57
"Food Establishment","11232",302
"Illegal Parking","11232",317
"Noise - Commercial","11232",1655
"Noise - Street/Sidewalk","11232",2879
"Rodent","11232",928
"Dirty Condition","11233",168
"Food Establishment","11233",553
"Illegal Parking","11233",560
"Noise - Commercial","11233",1909
"Noise - Street/Sidewalk","11233",8409
"Rodent","11233",6136
"Dirty Condition","11234",160
"Food Establishment","11234",684
"Illegal Parking","11234",1165
"Noise - Commercial","11234",3025
"Noise - Street/Sidewalk","11234",2380
"Rodent","11234",2194
"Dirty Condition","11235",202
"Food Establishment","11235",1182
"Illegal Parking","11235",821
"Noise - Commercial","11235",2558
"Noise - Street/Sidewalk","11235",2024
"Rodent","11235",3034
"Dirty Condition","11236",135
"Food Establishment","11236",543
"Illegal Parking","11236",810
"Noise - Commercial","11236",1162
"Noise - Street/Sidewalk","11236",2892
"Rodent","11236",2444
"Dirty Condition","11237",674
"Food Establishment","11237",613
"Illegal Parking","11237",309
"Noise - Commercial","11237",8276
"Noise - Street/Sidewalk","11237",13059
"Rodent","11237",4356
"Dirty Condition","11238",254
"Food Establishment","11238",775
"Illegal Parking","11238",779
"Noise - Commercial","11238",11344
"Noise - Street/Sidewalk","11238",11434
"Rodent","11238",6787
"Dirty Condition","11239",17
"Food Establishment","11239",152
"Illegal Parking","11239",56
"Noise - Commercial","11239",22
"Noise - Street/Sidewalk","11239",132
"Rodent","11239",85
"Dirty Condition","11241",0
"Food Establishment","11241",0
"Illegal Parking","11241",0
"Noise - Commercial","11241",2
"Noise - Street/Sidewalk","11241",1
"Rodent","11241",1
"Dirty Condition","11242",0
"Food Establishment","11242",3
"Illegal Parking","11242",0
"Noise - Commercial","11242",0
"Noise - Street/Sidewalk","11242",4
"Rodent","11242",1
"Dirty Condition","11249",125
"Food Establishment","11249",414
"Illegal Parking","11249",369
"Noise - Commercial","11249",7012
"Noise - Street/Sidewalk","11249",4472
"Rodent","11249",1222
"Dirty Condition","11251",0
"Food Establishment","11251",0
"Illegal Parking","11251",0
"Noise - Commercial","11251",1
"Noise - Street/Sidewalk","11251",2
"Rodent","11251",1
"Dirty Condition","11354",140
"Food Establishment","11354",1437
"Illegal Parking","11354",325
"Noise - Commercial","11354",800
"Noise - Street/Sidewalk","11354",1370
"Rodent","11354",834
"Dirty Condition","11355",89
"Food Establishment","11355",980
"Illegal Parking","11355",515
"Noise - Commercial","11355",739
"Noise - Street/Sidewalk","11355",1666
"Rodent","11355",1050
"Dirty Condition","11356",67
"Food Establishment","11356",257
"Illegal Parking","11356",420
"Noise - Commercial","11356",677
"Noise - Street/Sidewalk","11356",1680
"Rodent","11356",453
"Dirty Condition","11357",52
"Food Establishment","11357",246
"Illegal Parking","11357",462
"Noise - Commercial","11357",507
"Noise - Street/Sidewalk","11357",1584
"Rodent","11357",961
"Dirty Condition","11358",77
"Food Establishment","11358",335
"Illegal Parking","11358",344
"Noise - Commercial","11358",1149
"Noise - Street/Sidewalk","11358",764
"Rodent","11358",618
"Dirty Condition","11359",0
"Food Establishment","11359",0
"Illegal Parking","11359",0
"Noise - Commercial","11359",1
"Noise - Street/Sidewalk","11359",6
"Rodent","11359",0
"Dirty Condition","11360",8
"Food Establishment","11360",138
"Illegal Parking","11360",152
"Noise - Commercial","11360",81
"Noise - Street/Sidewalk","11360",171
"Rodent","11360",150
"Dirty Condition","11361",45
"Food Establishment","11361",385
"Illegal Parking","11361",265
"Noise - Commercial","11361",1166
"Noise - Street/Sidewalk","11361",368
"Rodent","11361",561
"Dirty Condition","11362",25
"Food Establishment","11362",147
"Illegal Parking","11362",138
"Noise - Commercial","11362",492
"Noise - Street/Sidewalk","11362",80
"Rodent","11362",144
"Dirty Condition","11363",13
"Food Establishment","11363",49
"Illegal Parking","11363",108
"Noise - Commercial","11363",101
"Noise - Street/Sidewalk","11363",68
"Rodent","11363",69
"Dirty Condition","11364",27
"Food Establishment","11364",169
"Illegal Parking","11364",313
"Noise - Commercial","11364",88
"Noise - Street/Sidewalk","11364",319
"Rodent","11364",305
"Dirty Condition","11365",35
"Food Establishment","11365",254
"Illegal Parking","11365",420
"Noise - Commercial","11365",117
"Noise - Street/Sidewalk","11365",648
"Rodent","11365",509
"Dirty Condition","11366",29
"Food Establishment","11366",198
"Illegal Parking","11366",644
"Noise - Commercial","11366",206
"Noise - Street/Sidewalk","11366",288
"Rodent","11366",220
"Dirty Condition","11367",62
"Food Establishment","11367",313
"Illegal Parking","11367",345
"Noise - Commercial","11367",218
"Noise - Street/Sidewalk","11367",928
"Rodent","11367",712
"Dirty Condition","11368",111
"Food Establishment","11368",653
"Illegal Parking","11368",433
"Noise - Commercial","11368",3573
"Noise - Street/Sidewalk","11368",8259
"Rodent","11368",2121
"Dirty Condition","11369",64
"Food Establishment","11369",251
"Illegal Parking","11369",407
"Noise - Commercial","11369",602
"Noise - Street/Sidewalk","11369",1287
"Rodent","11369",805
"Dirty Condition","11370",30
"Food Establishment","11370",132
"Illegal Parking","11370",567
"Noise - Commercial","11370",112
"Noise - Street/Sidewalk","11370",694
"Rodent","11370",647
"Dirty Condition","11371",0
"Food Establishment","11371",4
"Illegal Parking","11371",0
"Noise - Commercial","11371",0
"Noise - Street/Sidewalk","11371",0
"Rodent","11371",2
"Dirty Condition","11372",118
"Food Establishment","11372",1232
"Illegal Parking","11372",352
"Noise - Commercial","11372",5369
"Noise - Street/Sidewalk","11372",4890
"Rodent","11372",1565
"Dirty Condition","11373",132
"Food Establishment","11373",837
"Illegal Parking","11373",705
"Noise - Commercial","11373",1478
"Noise - Street/Sidewalk","11373",4377
"Rodent","11373",1929
"Dirty Condition","11374",62
"Food Establishment","11374",499
"Illegal Parking","11374",501
"Noise - Commercial","11374",597
"Noise - Street/Sidewalk","11374",697
"Rodent","11374",1042
"Dirty Condition","11375",109
"Food Establishment","11375",1028
"Illegal Parking","11375",573
"Noise - Commercial","11375",1875
"Noise - Street/Sidewalk","11375",1568
"Rodent","11375",1111
"Dirty Condition","11377",153
"Food Establishment","11377",707
"Illegal Parking","11377",804
"Noise - Commercial","11377",3580
"Noise - Street/Sidewalk","11377",5044
"Rodent","11377",2980
"Dirty Condition","11378",77
"Food Establishment","11378",365
"Illegal Parking","11378",1294
"Noise - Commercial","11378",919
"Noise - Street/Sidewalk","11378",1810
"Rodent","11378",1247
"Dirty Condition","11379",60
"Food Establishment","11379",273
"Illegal Parking","11379",1029
"Noise - Commercial","11379",394
"Noise - Street/Sidewalk","11379",713
"Rodent","11379",1224
"Dirty Condition","11385",328
"Food Establishment","11385",1029
"Illegal Parking","11385",2219
"Noise - Commercial","11385",5735
"Noise - Street/Sidewalk","11385",7465
"Rodent","11385",4819
"Dirty Condition","11411",31
"Food Establishment","11411",123
"Illegal Parking","11411",106
"Noise - Commercial","11411",524
"Noise - Street/Sidewalk","11411",348
"Rodent","11411",450
"Dirty Condition","11412",61
"Food Establishment","11412",165
"Illegal Parking","11412",215
"Noise - Commercial","11412",516
"Noise - Street/Sidewalk","11412",1120
"Rodent","11412",1809
"Dirty Condition","11413",103
"Food Establishment","11413",213
"Illegal Parking","11413",281
"Noise - Commercial","11413",440
"Noise - Street/Sidewalk","11413",736
"Rodent","11413",1134
"Dirty Condition","11414",25
"Food Establishment","11414",384
"Illegal Parking","11414",305
"Noise - Commercial","11414",883
"Noise - Street/Sidewalk","11414",682
"Rodent","11414",783
"Dirty Condition","11415",21
"Food Establishment","11415",166
"Illegal Parking","11415",102
"Noise - Commercial","11415",1983
"Noise - Street/Sidewalk","11415",502
"Rodent","11415",373
"Dirty Condition","11416",54
"Food Establishment","11416",228
"Illegal Parking","11416",410
"Noise - Commercial","11416",936
"Noise - Street/Sidewalk","11416",1610
"Rodent","11416",768
"Dirty Condition","11417",89
"Food Establishment","11417",368
"Illegal Parking","11417",506
"Noise - Commercial","11417",1396
"Noise - Street/Sidewalk","11417",1308
"Rodent","11417",1248
"Dirty Condition","11418",116
"Food Establishment","11418",410
"Illegal Parking","11418",653
"Noise - Commercial","11418",1801
"Noise - Street/Sidewalk","11418",1650
"Rodent","11418",1082
"Dirty Condition","11419",140
"Food Establishment","11419",708
"Illegal Parking","11419",493
"Noise - Commercial","11419",2151
"Noise - Street/Sidewalk","11419",2262
"Rodent","11419",1325
"Dirty Condition","11420",106
"Food Establishment","11420",321
"Illegal Parking","11420",475
"Noise - Commercial","11420",954
"Noise - Street/Sidewalk","11420",1927
"Rodent","11420",1476
"Dirty Condition","11421",73
"Food Establishment","11421",233
"Illegal Parking","11421",919
"Noise - Commercial","11421",1371
"Noise - Street/Sidewalk","11421",2373
"Rodent","11421",762
"Dirty Condition","11422",39
"Food Establishment","11422",138
"Illegal Parking","11422",176
"Noise - Commercial","11422",365
"Noise - Street/Sidewalk","11422",522
"Rodent","11422",616
"Dirty Condition","11423",39
"Food Establishment","11423",126
"Illegal Parking","11423",227
"Noise - Commercial","11423",657
"Noise - Street/Sidewalk","11423",758
"Rodent","11423",711
"Dirty Condition","11426",43
"Food Establishment","11426",125
"Illegal Parking","11426",165
"Noise - Commercial","11426",317
"Noise - Street/Sidewalk","11426",203
"Rodent","11426",402
"Dirty Condition","11427",13
"Food Establishment","11427",98
"Illegal Parking","11427",115
"Noise - Commercial","11427",97
"Noise - Street/Sidewalk","11427",294
"Rodent","11427",356
"Dirty Condition","11428",30
"Food Establishment","11428",130
"Illegal Parking","11428",140
"Noise - Commercial","11428",233
"Noise - Street/Sidewalk","11428",431
"Rodent","11428",342
"Dirty Condition","11429",52
"Food Establishment","11429",101
"Illegal Parking","11429",180
"Noise - Commercial","11429",162
"Noise - Street/Sidewalk","11429",790
"Rodent","11429",841
"Dirty Condition","11430",1
"Food Establishment","11430",94
"Illegal Parking","11430",20
"Noise - Commercial","11430",2
"Noise - Street/Sidewalk","11430",6
"Rodent","11430",24
"Dirty Condition","11432",90
"Food Establishment","11432",981
"Illegal Parking","11432",240
"Noise - Commercial","11432",1923
"Noise - Street/Sidewalk","11432",2141
"Rodent","11432",1615
"Dirty Condition","11433",91
"Food Establishment","11433",241
"Illegal Parking","11433",339
"Noise - Commercial","11433",1105
"Noise - Street/Sidewalk","11433",1539
"Rodent","11433",2120
"Dirty Condition","11434",114
"Food Establishment","11434",496
"Illegal Parking","11434",314
"Noise - Commercial","11434",837
"Noise - Street/Sidewalk","11434",1466
"Rodent","11434",2089
"Dirty Condition","11435",150
"Food Establishment","11435",433
"Illegal Parking","11435",383
"Noise - Commercial","11435",1128
"Noise - Street/Sidewalk","11435",1918
"Rodent","11435",1773
"Dirty Condition","11436",60
"Food Establishment","11436",100
"Illegal Parking","11436",217
"Noise - Commercial","11436",123
"Noise - Street/Sidewalk","11436",554
"Rodent","11436",935
"Dirty Condition","11559",0
"Food Establishment","11559",3
"Illegal Parking","11559",0
"Noise - Commercial","11559",0
"Noise - Street/Sidewalk","11559",0
"Rodent","11559",0
"Dirty Condition","11581",0
"Food Establishment","11581",2
"Illegal Parking","11581",0
"Noise - Commercial","11581",0
"Noise - Street/Sidewalk","11581",0
"Rodent","11581",0
"Dirty Condition","11691",88
"Food Establishment","11691",295
"Illegal Parking","11691",255
"Noise - Commercial","11691",304
"Noise - Street/Sidewalk","11691",1689
"Rodent","11691",1489
"Dirty Condition","11692",16
"Food Establishment","11692",72
"Illegal Parking","11692",52
"Noise - Commercial","11692",55
"Noise - Street/Sidewalk","11692",746
"Rodent","11692",409
"Dirty Condition","11693",10
"Food Establishment","11693",175
"Illegal Parking","11693",103
"Noise - Commercial","11693",963
"Noise - Street/Sidewalk","11693",842
"Rodent","11693",352
"Dirty Condition","11694",27
"Food Establishment","11694",191
"Illegal Parking","11694",263
"Noise - Commercial","11694",680
"Noise - Street/Sidewalk","11694",1345
"Rodent","11694",647
"Dirty Condition","11695",0
"Food Establishment","11695",1
"Illegal Parking","11695",0
"Noise - Commercial","11695",0
"Noise - Street/Sidewalk","11695",0
"Rodent","11695",3
"Dirty Condition","11697",0
"Food Establishment","11697",19
"Illegal Parking","11697",3
"Noise - Commercial","11697",58
"Noise - Street/Sidewalk","11697",13
"Rodent","11697",10
"Dirty Condition","11753",0
"Food Establishment","11753",0
"Illegal Parking","11753",0
"Noise - Commercial","11753",0
"Noise - Street/Sidewalk","11753",0
"Rodent","11753",1
"Dirty Condition","1207",0
"Food Establishment","1207",0
"Illegal Parking","1207",0
"Noise - Commercial","1207",0
"Noise - Street/Sidewalk","1207",0
"Rodent","1207",1
"Dirty Condition","12345",0
"Food Establishment","12345",1
"Illegal Parking","12345",0
"Noise - Commercial","12345",53
"Noise - Street/Sidewalk","12345",6
"Rodent","12345",3
"Dirty Condition","13207",0
"Food Establishment","13207",0
"Illegal Parking","13207",1
"Noise - Commercial","13207",0
"Noise - Street/Sidewalk","13207",0
"Rodent","13207",0
"Dirty Condition","83",0
"Food Establishment","83",2
"Illegal Parking","83",9
"Noise - Commercial","83",1
"Noise - Street/Sidewalk","83",181
"Rodent","83",18
"Dirty Condition","99999",0
"Food Establishment","99999",2
"Illegal Parking","99999",0
"Noise - Commercial","99999",0
"Noise - Street/Sidewalk","99999",0
"Rodent","99999",0
"Dirty Condition","N/A",0
"Food Establishment","N/A",9
"Illegal Parking","N/A",0
"Noise - Commercial","N/A",0
"Noise - Street/Sidewalk","N/A",0
"Rodent","N/A",2
"Dirty Condition","NY",0
"Food Establishment","NY",1
"Illegal Parking","NY",0
"Noise - Commercial","NY",0
"Noise - Street/Sidewalk","NY",0
"Rodent","NY",0
